question,answer
"What is the force of gravity on a 10 kg object at the surface of the Earth?",98 N
"What is the acceleration due to gravity on the Moon?",1.62 m/s^2
"What is the speed of light in a vacuum?","299,792,458 m/s"
"What is the kinetic energy of a 1 kg object moving at 10 m/s?",50 J
"What is the potential energy of a 1 kg object at a height of 10 m above the ground?",98 J
"What is the ideal gas law?","PV = nRT"
"What is the law of conservation of energy?","Energy can neither be created nor destroyed, only converted from one form to another"
"What is the second law of thermodynamics?","Every natural process increases the total entropy of the universe"
"What is the law of relativity?","The laws of physics are the same for all observers in uniform motion"
"What is quantum mechanics?","The study of the behavior of matter at the atomic and subatomic level"
"What is the Standard Model of particle physics?","A theory that describes all of the known fundamental particles and forces in the universe"

